1,user1@example.com,hash1,2023-09-02 08:00:00+00
2,user2@example.com,hash2,2023-09-02 08:15:00+00
3,user3@example.com,hash3,2023-09-02 08:30:00+00
4,user4@example.com,hash4,2023-09-02 08:45:00+00
5,user5@example.com,hash5,2023-09-02 09:00:00+00
6,user6@example.com,hash6,2023-09-02 09:15:00+00
7,user7@example.com,hash7,2023-09-02 09:30:00+00
8,user8@example.com,hash8,2023-09-02 09:45:00+00
9,user9@example.com,hash9,2023-09-02 10:00:00+00
10,user10@example.com,hash10,2023-09-02 10:15:00+00
11,user11@example.com,hash11,2023-09-02 10:30:00+00
12,user12@example.com,hash12,2023-09-02 10:45:00+00
13,user13@example.com,hash13,2023-09-02 11:00:00+00
14,user14@example.com,hash14,2023-09-02 11:15:00+00
15,user15@example.com,hash15,2023-09-02 11:30:00+00
16,user16@example.com,hash16,2023-09-02 11:45:00+00
17,user17@example.com,hash17,2023-09-02 12:00:00+00
18,user18@example.com,hash18,2023-09-02 12:15:00+00
19,user19@example.com,hash19,2023-09-02 12:30:00+00
20,user20@example.com,hash20,2023-09-02 12:45:00+00
